[
    {
        "pedido": 5571,
        "data": "2025-03-14",
        "cliente": "Cliente 190",
        "uf": "MA",
        "codigoproduto": 19737,
        "unidadeMedida": "KG",
        "precoUnitario": 3503.66,
        "quantidade": 11,
        "descricaoProduto": "Pendrive 64GB"
    },
    {
        "pedido": 8671,
        "data": "2025-03-09",
        "cliente": "Cliente 24",
        "uf": "GO",
        "codigoproduto": 27248,
        "unidadeMedida": "UN",
        "precoUnitario": 2503.53,
        "quantidade": 36,
        "descricaoProduto": "Notebook Gamer"
    },
    {
        "pedido": 1000,
        "data": "2025-02-09",
        "cliente": "Cliente 200",
        "uf": "ES",
        "codigoproduto": 85837,
        "unidadeMedida": "LT",
        "precoUnitario": 410.75,
        "quantidade": 39,
        "descricaoProduto": "HD Externo 1TB"
    },
    {
        "pedido": 4338,
        "data": "2025-01-15",
        "cliente": "Cliente 51",
        "uf": "AL",
        "codigoproduto": 79581,
        "unidadeMedida": "MT",
        "precoUnitario": 1237.82,
        "quantidade": 30,
        "descricaoProduto": "Smartphone 5G"
    },
    {
        "pedido": 3789,
        "data": "2024-05-19",
        "cliente": "Cliente 50",
        "uf": "RS",
        "codigoproduto": 24989,
        "unidadeMedida": "LT",
        "precoUnitario": 2028.05,
        "quantidade": 3,
        "descricaoProduto": "Notebook Gamer"
    },
    {
        "pedido": 6381,
        "data": "2024-06-15",
        "cliente": "Cliente 156",
        "uf": "ES",
        "codigoproduto": 23723,
        "unidadeMedida": "LT",
        "precoUnitario": 3779.69,
        "quantidade": 12,
        "descricaoProduto": "Headset Bluetooth"
    },
    {
        "pedido": 2185,
        "data": "2024-04-30",
        "cliente": "Cliente 138",
        "uf": "PR",
        "codigoproduto": 90160,
        "unidadeMedida": "LT",
        "precoUnitario": 2556.01,
        "quantidade": 22,
        "descricaoProduto": "Microfone USB"
    },
    {
        "pedido": 6704,
        "data": "2024-05-02",
        "cliente": "Cliente 100",
        "uf": "DF",
        "codigoproduto": 74934,
        "unidadeMedida": "UN",
        "precoUnitario": 4795.88,
        "quantidade": 2,
        "descricaoProduto": "Pendrive 64GB"
    },
    {
        "pedido": 7875,
        "data": "2024-05-03",
        "cliente": "Cliente 139",
        "uf": "RN",
        "codigoproduto": 74283,
        "unidadeMedida": "UN",
        "precoUnitario": 937.98,
        "quantidade": 40,
        "descricaoProduto": "Headset Bluetooth"
    },
    {
        "pedido": 5497,
        "data": "2024-07-10",
        "cliente": "Cliente 26",
        "uf": "SP",
        "codigoproduto": 36531,
        "unidadeMedida": "KG",
        "precoUnitario": 2201.48,
        "quantidade": 45,
        "descricaoProduto": "Teclado Mecânico"
    },
    {
        "pedido": 1314,
        "data": "2024-05-08",
        "cliente": "Cliente 4",
        "uf": "PR",
        "codigoproduto": 88537,
        "unidadeMedida": "KG",
        "precoUnitario": 1460.86,
        "quantidade": 21,
        "descricaoProduto": "Pendrive 64GB"
    },
    {
        "pedido": 1491,
        "data": "2024-08-11",
        "cliente": "Cliente 159",
        "uf": "PB",
        "codigoproduto": 27093,
        "unidadeMedida": "MT",
        "precoUnitario": 244.79,
        "quantidade": 14,
        "descricaoProduto": "Tablet Android"
    },
    {
        "pedido": 3237,
        "data": "2024-09-03",
        "cliente": "Cliente 2",
        "uf": "SE",
        "codigoproduto": 70537,
        "unidadeMedida": "KG",
        "precoUnitario": 508.42,
        "quantidade": 22,
        "descricaoProduto": "Impressora Multifuncional"
    },
    {
        "pedido": 9627,
        "data": "2024-12-12",
        "cliente": "Cliente 46",
        "uf": "RS",
        "codigoproduto": 36188,
        "unidadeMedida": "KG",
        "precoUnitario": 914.66,
        "quantidade": 12,
        "descricaoProduto": "Impressora Multifuncional"
    },
    {
        "pedido": 7987,
        "data": "2024-08-02",
        "cliente": "Cliente 56",
        "uf": "MT",
        "codigoproduto": 42513,
        "unidadeMedida": "MT",
        "precoUnitario": 4654.85,
        "quantidade": 7,
        "descricaoProduto": "Controle para PC"
    },
    {
        "pedido": 3592,
        "data": "2024-08-21",
        "cliente": "Cliente 168",
        "uf": "AC",
        "codigoproduto": 72926,
        "unidadeMedida": "UN",
        "precoUnitario": 300.57,
        "quantidade": 13,
        "descricaoProduto": "Smartphone 5G"
    },
    {
        "pedido": 2670,
        "data": "2024-09-30",
        "cliente": "Cliente 166",
        "uf": "PB",
        "codigoproduto": 22084,
        "unidadeMedida": "UN",
        "precoUnitario": 267.1,
        "quantidade": 25,
        "descricaoProduto": "HD Externo 1TB"
    },
    {
        "pedido": 3644,
        "data": "2025-02-01",
        "cliente": "Cliente 108",
        "uf": "AM",
        "codigoproduto": 22337,
        "unidadeMedida": "LT",
        "precoUnitario": 623.53,
        "quantidade": 49,
        "descricaoProduto": "Roteador Wi-Fi 6"
    },
    {
        "pedido": 3947,
        "data": "2024-11-10",
        "cliente": "Cliente 184",
        "uf": "BA",
        "codigoproduto": 47657,
        "unidadeMedida": "KG",
        "precoUnitario": 2797.11,
        "quantidade": 4,
        "descricaoProduto": "Microfone USB"
    },
    {
        "pedido": 3936,
        "data": "2024-05-14",
        "cliente": "Cliente 109",
        "uf": "PE",
        "codigoproduto": 20622,
        "unidadeMedida": "KG",
        "precoUnitario": 1034.54,
        "quantidade": 26,
        "descricaoProduto": "Mouse sem fio"
    },
    {
        "pedido": 4630,
        "data": "2025-01-15",
        "cliente": "Cliente 11",
        "uf": "PA",
        "codigoproduto": 36764,
        "unidadeMedida": "LT",
        "precoUnitario": 159.2,
        "quantidade": 40,
        "descricaoProduto": "Microfone USB"
    },
    {
        "pedido": 8746,
        "data": "2024-08-13",
        "cliente": "Cliente 11",
        "uf": "PA",
        "codigoproduto": 37100,
        "unidadeMedida": "LT",
        "precoUnitario": 2277.32,
        "quantidade": 24,
        "descricaoProduto": "Monitor Full HD"
    },
    {
        "pedido": 5944,
        "data": "2024-10-01",
        "cliente": "Cliente 87",
        "uf": "MS",
        "codigoproduto": 51443,
        "unidadeMedida": "MT",
        "precoUnitario": 466.54,
        "quantidade": 42,
        "descricaoProduto": "Roteador Wi-Fi 6"
    },
    {
        "pedido": 9003,
        "data": "2025-04-02",
        "cliente": "Cliente 125",
        "uf": "RR",
        "codigoproduto": 26438,
        "unidadeMedida": "MT",
        "precoUnitario": 2289.14,
        "quantidade": 46,
        "descricaoProduto": "Cadeira Gamer"
    },
    {
        "pedido": 6921,
        "data": "2024-10-29",
        "cliente": "Cliente 16",
        "uf": "DF",
        "codigoproduto": 33314,
        "unidadeMedida": "MT",
        "precoUnitario": 456.67,
        "quantidade": 32,
        "descricaoProduto": "Roteador Wi-Fi 6"
    },
    {
        "pedido": 5924,
        "data": "2024-05-04",
        "cliente": "Cliente 161",
        "uf": "TO",
        "codigoproduto": 45957,
        "unidadeMedida": "UN",
        "precoUnitario": 500.83,
        "quantidade": 22,
        "descricaoProduto": "Câmera de Segurança"
    },
    {
        "pedido": 1421,
        "data": "2024-08-11",
        "cliente": "Cliente 21",
        "uf": "PE",
        "codigoproduto": 26031,
        "unidadeMedida": "KG",
        "precoUnitario": 1975.91,
        "quantidade": 13,
        "descricaoProduto": "Headset Bluetooth"
    },
    {
        "pedido": 5549,
        "data": "2024-04-16",
        "cliente": "Cliente 52",
        "uf": "AL",
        "codigoproduto": 82462,
        "unidadeMedida": "UN",
        "precoUnitario": 3858.34,
        "quantidade": 41,
        "descricaoProduto": "Câmera de Segurança"
    },
    {
        "pedido": 3957,
        "data": "2024-09-26",
        "cliente": "Cliente 184",
        "uf": "PA",
        "codigoproduto": 41029,
        "unidadeMedida": "LT",
        "precoUnitario": 1021.29,
        "quantidade": 25,
        "descricaoProduto": "Pendrive 64GB"
    },
    {
        "pedido": 6403,
        "data": "2024-05-06",
        "cliente": "Cliente 142",
        "uf": "TO",
        "codigoproduto": 27207,
        "unidadeMedida": "MT",
        "precoUnitario": 1286.72,
        "quantidade": 28,
        "descricaoProduto": "Roteador Wi-Fi 6"
    },
    {
        "pedido": 6713,
        "data": "2024-10-10",
        "cliente": "Cliente 107",
        "uf": "DF",
        "codigoproduto": 92334,
        "unidadeMedida": "UN",
        "precoUnitario": 2624.41,
        "quantidade": 32,
        "descricaoProduto": "Notebook Gamer"
    },
    {
        "pedido": 6884,
        "data": "2024-04-05",
        "cliente": "Cliente 48",
        "uf": "RJ",
        "codigoproduto": 54054,
        "unidadeMedida": "LT",
        "precoUnitario": 789.95,
        "quantidade": 26,
        "descricaoProduto": "Microfone USB"
    },
    {
        "pedido": 4833,
        "data": "2025-01-23",
        "cliente": "Cliente 75",
        "uf": "RN",
        "codigoproduto": 48347,
        "unidadeMedida": "UN",
        "precoUnitario": 4437.86,
        "quantidade": 30,
        "descricaoProduto": "Notebook Gamer"
    },
    {
        "pedido": 7034,
        "data": "2024-06-02",
        "cliente": "Cliente 8",
        "uf": "RO",
        "codigoproduto": 13484,
        "unidadeMedida": "UN",
        "precoUnitario": 1667.14,
        "quantidade": 4,
        "descricaoProduto": "Tablet Android"
    },
    {
        "pedido": 6967,
        "data": "2024-12-31",
        "cliente": "Cliente 98",
        "uf": "AC",
        "codigoproduto": 90657,
        "unidadeMedida": "UN",
        "precoUnitario": 2916.3,
        "quantidade": 22,
        "descricaoProduto": "Smartphone 5G"
    },
    {
        "pedido": 4103,
        "data": "2024-10-06",
        "cliente": "Cliente 98",
        "uf": "MS",
        "codigoproduto": 99570,
        "unidadeMedida": "KG",
        "precoUnitario": 1956.23,
        "quantidade": 28,
        "descricaoProduto": "Pendrive 64GB"
    },
    {
        "pedido": 6893,
        "data": "2025-01-18",
        "cliente": "Cliente 115",
        "uf": "PA",
        "codigoproduto": 43637,
        "unidadeMedida": "KG",
        "precoUnitario": 3378.33,
        "quantidade": 32,
        "descricaoProduto": "Microfone USB"
    },
    {
        "pedido": 3788,
        "data": "2024-09-03",
        "cliente": "Cliente 90",
        "uf": "RR",
        "codigoproduto": 99336,
        "unidadeMedida": "UN",
        "precoUnitario": 424.45,
        "quantidade": 12,
        "descricaoProduto": "Notebook Gamer"
    },
    {
        "pedido": 2686,
        "data": "2025-01-17",
        "cliente": "Cliente 4",
        "uf": "CE",
        "codigoproduto": 26719,
        "unidadeMedida": "MT",
        "precoUnitario": 1077.45,
        "quantidade": 2,
        "descricaoProduto": "Roteador Wi-Fi 6"
    },
    {
        "pedido": 9328,
        "data": "2024-12-09",
        "cliente": "Cliente 38",
        "uf": "MS",
        "codigoproduto": 40490,
        "unidadeMedida": "LT",
        "precoUnitario": 3923.87,
        "quantidade": 31,
        "descricaoProduto": "Tablet Android"
    },
    {
        "pedido": 5952,
        "data": "2024-10-14",
        "cliente": "Cliente 54",
        "uf": "RO",
        "codigoproduto": 68267,
        "unidadeMedida": "KG",
        "precoUnitario": 2590.89,
        "quantidade": 7,
        "descricaoProduto": "Microfone USB"
    },
    {
        "pedido": 6770,
        "data": "2025-03-07",
        "cliente": "Cliente 27",
        "uf": "PE",
        "codigoproduto": 43611,
        "unidadeMedida": "MT",
        "precoUnitario": 1882.42,
        "quantidade": 11,
        "descricaoProduto": "Notebook Gamer"
    },
    {
        "pedido": 3330,
        "data": "2024-11-21",
        "cliente": "Cliente 150",
        "uf": "PI",
        "codigoproduto": 80032,
        "unidadeMedida": "UN",
        "precoUnitario": 1585.36,
        "quantidade": 25,
        "descricaoProduto": "Câmera de Segurança"
    },
    {
        "pedido": 6688,
        "data": "2025-03-09",
        "cliente": "Cliente 38",
        "uf": "SP",
        "codigoproduto": 44069,
        "unidadeMedida": "MT",
        "precoUnitario": 2978.29,
        "quantidade": 4,
        "descricaoProduto": "Notebook Gamer"
    },
    {
        "pedido": 9758,
        "data": "2024-04-19",
        "cliente": "Cliente 23",
        "uf": "CE",
        "codigoproduto": 25310,
        "unidadeMedida": "LT",
        "precoUnitario": 1973.45,
        "quantidade": 45,
        "descricaoProduto": "HD Externo 1TB"
    },
    {
        "pedido": 1842,
        "data": "2025-02-25",
        "cliente": "Cliente 168",
        "uf": "MT",
        "codigoproduto": 25380,
        "unidadeMedida": "LT",
        "precoUnitario": 1470.56,
        "quantidade": 20,
        "descricaoProduto": "HD Externo 1TB"
    },
    {
        "pedido": 2833,
        "data": "2024-12-13",
        "cliente": "Cliente 4",
        "uf": "TO",
        "codigoproduto": 59337,
        "unidadeMedida": "KG",
        "precoUnitario": 2218.54,
        "quantidade": 23,
        "descricaoProduto": "Câmera de Segurança"
    },
    {
        "pedido": 2071,
        "data": "2024-08-18",
        "cliente": "Cliente 4",
        "uf": "MS",
        "codigoproduto": 53297,
        "unidadeMedida": "MT",
        "precoUnitario": 1871.9,
        "quantidade": 33,
        "descricaoProduto": "Microfone USB"
    },
    {
        "pedido": 4615,
        "data": "2024-11-03",
        "cliente": "Cliente 123",
        "uf": "RN",
        "codigoproduto": 36636,
        "unidadeMedida": "LT",
        "precoUnitario": 4671.28,
        "quantidade": 27,
        "descricaoProduto": "HD Externo 1TB"
    },
    {
        "pedido": 5102,
        "data": "2024-08-29",
        "cliente": "Cliente 92",
        "uf": "CE",
        "codigoproduto": 33981,
        "unidadeMedida": "MT",
        "precoUnitario": 462.95,
        "quantidade": 36,
        "descricaoProduto": "Smartphone 5G"
    },
    {
        "pedido": 4064,
        "data": "2025-03-10",
        "cliente": "Cliente 187",
        "uf": "MS",
        "codigoproduto": 31255,
        "unidadeMedida": "UN",
        "precoUnitario": 2344.47,
        "quantidade": 13,
        "descricaoProduto": "Headset Bluetooth"
    },
    {
        "pedido": 3124,
        "data": "2024-10-22",
        "cliente": "Cliente 77",
        "uf": "MA",
        "codigoproduto": 22530,
        "unidadeMedida": "UN",
        "precoUnitario": 28.65,
        "quantidade": 37,
        "descricaoProduto": "Mouse sem fio"
    },
    {
        "pedido": 7972,
        "data": "2024-07-16",
        "cliente": "Cliente 149",
        "uf": "MA",
        "codigoproduto": 84252,
        "unidadeMedida": "MT",
        "precoUnitario": 2304.29,
        "quantidade": 7,
        "descricaoProduto": "Microfone USB"
    },
    {
        "pedido": 8600,
        "data": "2024-05-31",
        "cliente": "Cliente 168",
        "uf": "ES",
        "codigoproduto": 98438,
        "unidadeMedida": "MT",
        "precoUnitario": 89.96,
        "quantidade": 36,
        "descricaoProduto": "Roteador Wi-Fi 6"
    },
    {
        "pedido": 1707,
        "data": "2024-09-04",
        "cliente": "Cliente 116",
        "uf": "PE",
        "codigoproduto": 60095,
        "unidadeMedida": "KG",
        "precoUnitario": 4767.31,
        "quantidade": 25,
        "descricaoProduto": "Pendrive 64GB"
    },
    {
        "pedido": 2060,
        "data": "2024-10-24",
        "cliente": "Cliente 78",
        "uf": "RJ",
        "codigoproduto": 36778,
        "unidadeMedida": "UN",
        "precoUnitario": 1613.66,
        "quantidade": 33,
        "descricaoProduto": "Cadeira Gamer"
    },
    {
        "pedido": 8482,
        "data": "2025-02-14",
        "cliente": "Cliente 174",
        "uf": "PB",
        "codigoproduto": 42734,
        "unidadeMedida": "UN",
        "precoUnitario": 4807.95,
        "quantidade": 36,
        "descricaoProduto": "Headset Bluetooth"
    },
    {
        "pedido": 7824,
        "data": "2024-08-05",
        "cliente": "Cliente 177",
        "uf": "AC",
        "codigoproduto": 63283,
        "unidadeMedida": "MT",
        "precoUnitario": 1037.85,
        "quantidade": 14,
        "descricaoProduto": "Headset Bluetooth"
    },
    {
        "pedido": 4047,
        "data": "2024-09-03",
        "cliente": "Cliente 83",
        "uf": "PR",
        "codigoproduto": 77257,
        "unidadeMedida": "MT",
        "precoUnitario": 2640.23,
        "quantidade": 45,
        "descricaoProduto": "Câmera de Segurança"
    },
    {
        "pedido": 3251,
        "data": "2024-12-18",
        "cliente": "Cliente 45",
        "uf": "SP",
        "codigoproduto": 31145,
        "unidadeMedida": "KG",
        "precoUnitario": 2312.95,
        "quantidade": 23,
        "descricaoProduto": "HD Externo 1TB"
    },
    {
        "pedido": 6105,
        "data": "2024-12-02",
        "cliente": "Cliente 141",
        "uf": "DF",
        "codigoproduto": 10047,
        "unidadeMedida": "MT",
        "precoUnitario": 2570.06,
        "quantidade": 45,
        "descricaoProduto": "Smartphone 5G"
    },
    {
        "pedido": 7265,
        "data": "2024-09-06",
        "cliente": "Cliente 70",
        "uf": "RR",
        "codigoproduto": 14594,
        "unidadeMedida": "MT",
        "precoUnitario": 1430.48,
        "quantidade": 47,
        "descricaoProduto": "Notebook Gamer"
    },
    {
        "pedido": 1519,
        "data": "2025-03-11",
        "cliente": "Cliente 187",
        "uf": "MA",
        "codigoproduto": 77792,
        "unidadeMedida": "KG",
        "precoUnitario": 4200.93,
        "quantidade": 10,
        "descricaoProduto": "Pendrive 64GB"
    },
    {
        "pedido": 5072,
        "data": "2024-04-17",
        "cliente": "Cliente 191",
        "uf": "RO",
        "codigoproduto": 86917,
        "unidadeMedida": "KG",
        "precoUnitario": 2670.97,
        "quantidade": 17,
        "descricaoProduto": "HD Externo 1TB"
    },
    {
        "pedido": 6882,
        "data": "2024-07-15",
        "cliente": "Cliente 54",
        "uf": "PA",
        "codigoproduto": 39592,
        "unidadeMedida": "LT",
        "precoUnitario": 3208.56,
        "quantidade": 3,
        "descricaoProduto": "Pendrive 64GB"
    },
    {
        "pedido": 5786,
        "data": "2024-05-08",
        "cliente": "Cliente 114",
        "uf": "RR",
        "codigoproduto": 46037,
        "unidadeMedida": "LT",
        "precoUnitario": 3405.12,
        "quantidade": 4,
        "descricaoProduto": "Headset Bluetooth"
    },
    {
        "pedido": 8032,
        "data": "2025-03-11",
        "cliente": "Cliente 70",
        "uf": "PB",
        "codigoproduto": 28163,
        "unidadeMedida": "MT",
        "precoUnitario": 2667.53,
        "quantidade": 37,
        "descricaoProduto": "Notebook Gamer"
    },
    {
        "pedido": 2981,
        "data": "2024-05-19",
        "cliente": "Cliente 25",
        "uf": "PI",
        "codigoproduto": 46802,
        "unidadeMedida": "KG",
        "precoUnitario": 1394.27,
        "quantidade": 6,
        "descricaoProduto": "Tablet Android"
    },
    {
        "pedido": 8927,
        "data": "2024-08-10",
        "cliente": "Cliente 50",
        "uf": "RJ",
        "codigoproduto": 87356,
        "unidadeMedida": "KG",
        "precoUnitario": 2921.59,
        "quantidade": 40,
        "descricaoProduto": "Pendrive 64GB"
    },
    {
        "pedido": 7192,
        "data": "2024-12-09",
        "cliente": "Cliente 53",
        "uf": "PR",
        "codigoproduto": 12953,
        "unidadeMedida": "UN",
        "precoUnitario": 3792.9,
        "quantidade": 25,
        "descricaoProduto": "Monitor Full HD"
    },
    {
        "pedido": 5222,
        "data": "2025-03-20",
        "cliente": "Cliente 2",
        "uf": "SE",
        "codigoproduto": 10808,
        "unidadeMedida": "LT",
        "precoUnitario": 584.18,
        "quantidade": 48,
        "descricaoProduto": "Cadeira Gamer"
    },
    {
        "pedido": 5561,
        "data": "2024-09-22",
        "cliente": "Cliente 134",
        "uf": "SC",
        "codigoproduto": 10798,
        "unidadeMedida": "UN",
        "precoUnitario": 3020.76,
        "quantidade": 9,
        "descricaoProduto": "Controle para PC"
    },
    {
        "pedido": 2612,
        "data": "2025-03-19",
        "cliente": "Cliente 112",
        "uf": "RO",
        "codigoproduto": 10174,
        "unidadeMedida": "KG",
        "precoUnitario": 2138.18,
        "quantidade": 35,
        "descricaoProduto": "Tablet Android"
    },
    {
        "pedido": 8129,
        "data": "2025-01-01",
        "cliente": "Cliente 26",
        "uf": "RO",
        "codigoproduto": 31125,
        "unidadeMedida": "UN",
        "precoUnitario": 391.18,
        "quantidade": 2,
        "descricaoProduto": "Smartphone 5G"
    },
    {
        "pedido": 8277,
        "data": "2024-04-08",
        "cliente": "Cliente 60",
        "uf": "AL",
        "codigoproduto": 13126,
        "unidadeMedida": "MT",
        "precoUnitario": 2782.88,
        "quantidade": 17,
        "descricaoProduto": "Impressora Multifuncional"
    },
    {
        "pedido": 2691,
        "data": "2024-08-19",
        "cliente": "Cliente 190",
        "uf": "RS",
        "codigoproduto": 67328,
        "unidadeMedida": "LT",
        "precoUnitario": 4870.86,
        "quantidade": 22,
        "descricaoProduto": "Roteador Wi-Fi 6"
    },
    {
        "pedido": 4429,
        "data": "2025-02-27",
        "cliente": "Cliente 66",
        "uf": "SC",
        "codigoproduto": 48964,
        "unidadeMedida": "MT",
        "precoUnitario": 2861.86,
        "quantidade": 27,
        "descricaoProduto": "Roteador Wi-Fi 6"
    },
    {
        "pedido": 6013,
        "data": "2024-06-18",
        "cliente": "Cliente 122",
        "uf": "SC",
        "codigoproduto": 67926,
        "unidadeMedida": "MT",
        "precoUnitario": 3132.99,
        "quantidade": 38,
        "descricaoProduto": "Roteador Wi-Fi 6"
    },
    {
        "pedido": 6665,
        "data": "2024-09-23",
        "cliente": "Cliente 43",
        "uf": "PI",
        "codigoproduto": 90384,
        "unidadeMedida": "LT",
        "precoUnitario": 4136.94,
        "quantidade": 15,
        "descricaoProduto": "Headset Bluetooth"
    },
    {
        "pedido": 3976,
        "data": "2024-11-02",
        "cliente": "Cliente 99",
        "uf": "SE",
        "codigoproduto": 47383,
        "unidadeMedida": "LT",
        "precoUnitario": 4366.14,
        "quantidade": 1,
        "descricaoProduto": "Roteador Wi-Fi 6"
    },
    {
        "pedido": 7087,
        "data": "2025-03-12",
        "cliente": "Cliente 182",
        "uf": "AM",
        "codigoproduto": 61608,
        "unidadeMedida": "UN",
        "precoUnitario": 4993.64,
        "quantidade": 42,
        "descricaoProduto": "Monitor Full HD"
    },
    {
        "pedido": 8541,
        "data": "2024-10-05",
        "cliente": "Cliente 124",
        "uf": "AL",
        "codigoproduto": 29608,
        "unidadeMedida": "UN",
        "precoUnitario": 782.59,
        "quantidade": 4,
        "descricaoProduto": "Impressora Multifuncional"
    },
    {
        "pedido": 9356,
        "data": "2024-04-11",
        "cliente": "Cliente 113",
        "uf": "MT",
        "codigoproduto": 46965,
        "unidadeMedida": "MT",
        "precoUnitario": 1778.1,
        "quantidade": 23,
        "descricaoProduto": "Mouse sem fio"
    },
    {
        "pedido": 2575,
        "data": "2024-06-04",
        "cliente": "Cliente 22",
        "uf": "DF",
        "codigoproduto": 93728,
        "unidadeMedida": "LT",
        "precoUnitario": 4921.86,
        "quantidade": 50,
        "descricaoProduto": "Microfone USB"
    },
    {
        "pedido": 1502,
        "data": "2024-12-08",
        "cliente": "Cliente 78",
        "uf": "PR",
        "codigoproduto": 65098,
        "unidadeMedida": "KG",
        "precoUnitario": 3547.3,
        "quantidade": 27,
        "descricaoProduto": "Mouse sem fio"
    },
    {
        "pedido": 9250,
        "data": "2024-11-13",
        "cliente": "Cliente 43",
        "uf": "RJ",
        "codigoproduto": 56124,
        "unidadeMedida": "MT",
        "precoUnitario": 3520.78,
        "quantidade": 17,
        "descricaoProduto": "Monitor Full HD"
    },
    {
        "pedido": 6769,
        "data": "2025-02-22",
        "cliente": "Cliente 189",
        "uf": "SE",
        "codigoproduto": 65361,
        "unidadeMedida": "LT",
        "precoUnitario": 519.4,
        "quantidade": 14,
        "descricaoProduto": "Notebook Gamer"
    },
    {
        "pedido": 6816,
        "data": "2024-11-16",
        "cliente": "Cliente 108",
        "uf": "AM",
        "codigoproduto": 68222,
        "unidadeMedida": "MT",
        "precoUnitario": 2895.16,
        "quantidade": 17,
        "descricaoProduto": "Controle para PC"
    },
    {
        "pedido": 3214,
        "data": "2024-07-21",
        "cliente": "Cliente 134",
        "uf": "TO",
        "codigoproduto": 90930,
        "unidadeMedida": "MT",
        "precoUnitario": 470.97,
        "quantidade": 21,
        "descricaoProduto": "Mouse sem fio"
    },
    {
        "pedido": 1372,
        "data": "2024-12-11",
        "cliente": "Cliente 37",
        "uf": "MT",
        "codigoproduto": 86288,
        "unidadeMedida": "MT",
        "precoUnitario": 2571.3,
        "quantidade": 40,
        "descricaoProduto": "Cadeira Gamer"
    },
    {
        "pedido": 7693,
        "data": "2024-07-03",
        "cliente": "Cliente 171",
        "uf": "PI",
        "codigoproduto": 73136,
        "unidadeMedida": "LT",
        "precoUnitario": 4641.79,
        "quantidade": 20,
        "descricaoProduto": "Impressora Multifuncional"
    },
    {
        "pedido": 3139,
        "data": "2025-03-01",
        "cliente": "Cliente 34",
        "uf": "PB",
        "codigoproduto": 83977,
        "unidadeMedida": "MT",
        "precoUnitario": 4130.35,
        "quantidade": 1,
        "descricaoProduto": "HD Externo 1TB"
    },
    {
        "pedido": 3128,
        "data": "2024-12-09",
        "cliente": "Cliente 185",
        "uf": "ES",
        "codigoproduto": 75184,
        "unidadeMedida": "UN",
        "precoUnitario": 3356.28,
        "quantidade": 43,
        "descricaoProduto": "Roteador Wi-Fi 6"
    },
    {
        "pedido": 7334,
        "data": "2024-10-18",
        "cliente": "Cliente 53",
        "uf": "RN",
        "codigoproduto": 22979,
        "unidadeMedida": "MT",
        "precoUnitario": 4096.2,
        "quantidade": 50,
        "descricaoProduto": "HD Externo 1TB"
    },
    {
        "pedido": 5224,
        "data": "2025-03-31",
        "cliente": "Cliente 178",
        "uf": "RN",
        "codigoproduto": 45627,
        "unidadeMedida": "UN",
        "precoUnitario": 4087.05,
        "quantidade": 1,
        "descricaoProduto": "Notebook Gamer"
    },
    {
        "pedido": 8246,
        "data": "2024-08-29",
        "cliente": "Cliente 119",
        "uf": "BA",
        "codigoproduto": 19877,
        "unidadeMedida": "LT",
        "precoUnitario": 253.87,
        "quantidade": 25,
        "descricaoProduto": "Teclado Mecânico"
    },
    {
        "pedido": 8702,
        "data": "2024-10-20",
        "cliente": "Cliente 185",
        "uf": "CE",
        "codigoproduto": 18387,
        "unidadeMedida": "MT",
        "precoUnitario": 3528.33,
        "quantidade": 22,
        "descricaoProduto": "Teclado Mecânico"
    },
    {
        "pedido": 7208,
        "data": "2025-03-08",
        "cliente": "Cliente 62",
        "uf": "RS",
        "codigoproduto": 58685,
        "unidadeMedida": "LT",
        "precoUnitario": 4073.93,
        "quantidade": 49,
        "descricaoProduto": "Microfone USB"
    },
    {
        "pedido": 3654,
        "data": "2024-08-15",
        "cliente": "Cliente 141",
        "uf": "PA",
        "codigoproduto": 62192,
        "unidadeMedida": "KG",
        "precoUnitario": 3049.8,
        "quantidade": 24,
        "descricaoProduto": "Microfone USB"
    },
    {
        "pedido": 6953,
        "data": "2025-02-12",
        "cliente": "Cliente 11",
        "uf": "RN",
        "codigoproduto": 34797,
        "unidadeMedida": "MT",
        "precoUnitario": 4435.17,
        "quantidade": 12,
        "descricaoProduto": "Mouse sem fio"
    },
    {
        "pedido": 1357,
        "data": "2025-02-17",
        "cliente": "Cliente 38",
        "uf": "PE",
        "codigoproduto": 84373,
        "unidadeMedida": "MT",
        "precoUnitario": 3705.95,
        "quantidade": 19,
        "descricaoProduto": "Tablet Android"
    },
    {
        "pedido": 2062,
        "data": "2025-03-28",
        "cliente": "Cliente 50",
        "uf": "RJ",
        "codigoproduto": 69209,
        "unidadeMedida": "KG",
        "precoUnitario": 4432.78,
        "quantidade": 29,
        "descricaoProduto": "Pendrive 64GB"
    },
    {
        "pedido": 6426,
        "data": "2024-11-08",
        "cliente": "Cliente 103",
        "uf": "AM",
        "codigoproduto": 67171,
        "unidadeMedida": "UN",
        "precoUnitario": 2169.8,
        "quantidade": 33,
        "descricaoProduto": "Impressora Multifuncional"
    },
    {
        "pedido": 2393,
        "data": "2024-09-25",
        "cliente": "Cliente 164",
        "uf": "AP",
        "codigoproduto": 42725,
        "unidadeMedida": "KG",
        "precoUnitario": 4016.38,
        "quantidade": 23,
        "descricaoProduto": "Impressora Multifuncional"
    },
    {
        "pedido": 3022,
        "data": "2025-01-08",
        "cliente": "Cliente 22",
        "uf": "RR",
        "codigoproduto": 55625,
        "unidadeMedida": "UN",
        "precoUnitario": 4014.27,
        "quantidade": 31,
        "descricaoProduto": "Smartphone 5G"
    },
    {
        "pedido": 4738,
        "data": "2024-05-30",
        "cliente": "Cliente 111",
        "uf": "AM",
        "codigoproduto": 89167,
        "unidadeMedida": "LT",
        "precoUnitario": 2222.99,
        "quantidade": 37,
        "descricaoProduto": "Microfone USB"
    },
    {
        "pedido": 6724,
        "data": "2024-11-10",
        "cliente": "Cliente 152",
        "uf": "AC",
        "codigoproduto": 13248,
        "unidadeMedida": "LT",
        "precoUnitario": 3765.44,
        "quantidade": 8,
        "descricaoProduto": "Câmera de Segurança"
    },
    {
        "pedido": 9025,
        "data": "2024-05-28",
        "cliente": "Cliente 194",
        "uf": "AC",
        "codigoproduto": 97484,
        "unidadeMedida": "KG",
        "precoUnitario": 4204.86,
        "quantidade": 40,
        "descricaoProduto": "Câmera de Segurança"
    },
    {
        "pedido": 5851,
        "data": "2024-06-15",
        "cliente": "Cliente 36",
        "uf": "MG",
        "codigoproduto": 60397,
        "unidadeMedida": "MT",
        "precoUnitario": 4328.91,
        "quantidade": 18,
        "descricaoProduto": "Microfone USB"
    },
    {
        "pedido": 1259,
        "data": "2024-12-02",
        "cliente": "Cliente 77",
        "uf": "PE",
        "codigoproduto": 71097,
        "unidadeMedida": "MT",
        "precoUnitario": 1086.31,
        "quantidade": 16,
        "descricaoProduto": "Headset Bluetooth"
    },
    {
        "pedido": 4245,
        "data": "2024-07-03",
        "cliente": "Cliente 159",
        "uf": "SP",
        "codigoproduto": 68675,
        "unidadeMedida": "KG",
        "precoUnitario": 2026.58,
        "quantidade": 45,
        "descricaoProduto": "Microfone USB"
    },
    {
        "pedido": 4515,
        "data": "2025-02-08",
        "cliente": "Cliente 121",
        "uf": "RN",
        "codigoproduto": 23016,
        "unidadeMedida": "LT",
        "precoUnitario": 1026.68,
        "quantidade": 8,
        "descricaoProduto": "Cadeira Gamer"
    },
    {
        "pedido": 7515,
        "data": "2025-03-30",
        "cliente": "Cliente 125",
        "uf": "PR",
        "codigoproduto": 75836,
        "unidadeMedida": "LT",
        "precoUnitario": 45.72,
        "quantidade": 15,
        "descricaoProduto": "Teclado Mecânico"
    },
    {
        "pedido": 9765,
        "data": "2024-08-09",
        "cliente": "Cliente 181",
        "uf": "MT",
        "codigoproduto": 44121,
        "unidadeMedida": "LT",
        "precoUnitario": 4510.83,
        "quantidade": 46,
        "descricaoProduto": "Notebook Gamer"
    },
    {
        "pedido": 2639,
        "data": "2024-12-20",
        "cliente": "Cliente 200",
        "uf": "SC",
        "codigoproduto": 12451,
        "unidadeMedida": "MT",
        "precoUnitario": 2928.64,
        "quantidade": 26,
        "descricaoProduto": "HD Externo 1TB"
    },
    {
        "pedido": 7589,
        "data": "2024-07-17",
        "cliente": "Cliente 192",
        "uf": "CE",
        "codigoproduto": 76235,
        "unidadeMedida": "UN",
        "precoUnitario": 264.49,
        "quantidade": 12,
        "descricaoProduto": "Teclado Mecânico"
    },
    {
        "pedido": 2812,
        "data": "2024-12-30",
        "cliente": "Cliente 158",
        "uf": "DF",
        "codigoproduto": 98959,
        "unidadeMedida": "UN",
        "precoUnitario": 967.55,
        "quantidade": 19,
        "descricaoProduto": "Microfone USB"
    },
    {
        "pedido": 9741,
        "data": "2024-07-01",
        "cliente": "Cliente 36",
        "uf": "DF",
        "codigoproduto": 95394,
        "unidadeMedida": "UN",
        "precoUnitario": 355.62,
        "quantidade": 25,
        "descricaoProduto": "Monitor Full HD"
    },
    {
        "pedido": 9673,
        "data": "2024-08-23",
        "cliente": "Cliente 51",
        "uf": "AM",
        "codigoproduto": 33356,
        "unidadeMedida": "LT",
        "precoUnitario": 342.3,
        "quantidade": 8,
        "descricaoProduto": "Monitor Full HD"
    },
    {
        "pedido": 3172,
        "data": "2024-10-16",
        "cliente": "Cliente 68",
        "uf": "DF",
        "codigoproduto": 25305,
        "unidadeMedida": "LT",
        "precoUnitario": 4877.77,
        "quantidade": 39,
        "descricaoProduto": "HD Externo 1TB"
    },
    {
        "pedido": 9089,
        "data": "2024-12-16",
        "cliente": "Cliente 184",
        "uf": "BA",
        "codigoproduto": 49856,
        "unidadeMedida": "LT",
        "precoUnitario": 2658.35,
        "quantidade": 32,
        "descricaoProduto": "Cadeira Gamer"
    },
    {
        "pedido": 7115,
        "data": "2024-12-10",
        "cliente": "Cliente 145",
        "uf": "AM",
        "codigoproduto": 65668,
        "unidadeMedida": "MT",
        "precoUnitario": 4064.53,
        "quantidade": 31,
        "descricaoProduto": "Teclado Mecânico"
    },
    {
        "pedido": 3371,
        "data": "2024-09-26",
        "cliente": "Cliente 116",
        "uf": "RS",
        "codigoproduto": 81063,
        "unidadeMedida": "LT",
        "precoUnitario": 198.77,
        "quantidade": 13,
        "descricaoProduto": "Pendrive 64GB"
    },
    {
        "pedido": 6025,
        "data": "2024-12-26",
        "cliente": "Cliente 153",
        "uf": "SP",
        "codigoproduto": 61216,
        "unidadeMedida": "LT",
        "precoUnitario": 36.88,
        "quantidade": 10,
        "descricaoProduto": "HD Externo 1TB"
    },
    {
        "pedido": 6384,
        "data": "2024-10-11",
        "cliente": "Cliente 75",
        "uf": "DF",
        "codigoproduto": 79854,
        "unidadeMedida": "UN",
        "precoUnitario": 500.36,
        "quantidade": 37,
        "descricaoProduto": "Mouse sem fio"
    },
    {
        "pedido": 4695,
        "data": "2024-08-16",
        "cliente": "Cliente 102",
        "uf": "RR",
        "codigoproduto": 33642,
        "unidadeMedida": "MT",
        "precoUnitario": 1117.14,
        "quantidade": 39,
        "descricaoProduto": "Teclado Mecânico"
    },
    {
        "pedido": 5060,
        "data": "2024-04-09",
        "cliente": "Cliente 150",
        "uf": "SC",
        "codigoproduto": 99945,
        "unidadeMedida": "KG",
        "precoUnitario": 1968.02,
        "quantidade": 12,
        "descricaoProduto": "Cadeira Gamer"
    },
    {
        "pedido": 7474,
        "data": "2024-10-03",
        "cliente": "Cliente 51",
        "uf": "PB",
        "codigoproduto": 88595,
        "unidadeMedida": "UN",
        "precoUnitario": 4316.41,
        "quantidade": 21,
        "descricaoProduto": "Tablet Android"
    },
    {
        "pedido": 3679,
        "data": "2024-09-11",
        "cliente": "Cliente 135",
        "uf": "RS",
        "codigoproduto": 98769,
        "unidadeMedida": "LT",
        "precoUnitario": 3308.05,
        "quantidade": 35,
        "descricaoProduto": "Microfone USB"
    },
    {
        "pedido": 7044,
        "data": "2024-06-14",
        "cliente": "Cliente 183",
        "uf": "MA",
        "codigoproduto": 99892,
        "unidadeMedida": "LT",
        "precoUnitario": 381.36,
        "quantidade": 47,
        "descricaoProduto": "Câmera de Segurança"
    },
    {
        "pedido": 7999,
        "data": "2024-07-07",
        "cliente": "Cliente 157",
        "uf": "AM",
        "codigoproduto": 29830,
        "unidadeMedida": "LT",
        "precoUnitario": 4730.83,
        "quantidade": 16,
        "descricaoProduto": "Controle para PC"
    },
    {
        "pedido": 1509,
        "data": "2024-10-04",
        "cliente": "Cliente 138",
        "uf": "SP",
        "codigoproduto": 28489,
        "unidadeMedida": "MT",
        "precoUnitario": 3946.67,
        "quantidade": 8,
        "descricaoProduto": "Notebook Gamer"
    },
    {
        "pedido": 5440,
        "data": "2024-09-28",
        "cliente": "Cliente 30",
        "uf": "RN",
        "codigoproduto": 22536,
        "unidadeMedida": "KG",
        "precoUnitario": 3326.34,
        "quantidade": 40,
        "descricaoProduto": "Pendrive 64GB"
    },
    {
        "pedido": 3157,
        "data": "2024-05-19",
        "cliente": "Cliente 127",
        "uf": "AC",
        "codigoproduto": 91811,
        "unidadeMedida": "LT",
        "precoUnitario": 4806.23,
        "quantidade": 13,
        "descricaoProduto": "Tablet Android"
    },
    {
        "pedido": 4499,
        "data": "2024-12-15",
        "cliente": "Cliente 4",
        "uf": "PR",
        "codigoproduto": 30667,
        "unidadeMedida": "UN",
        "precoUnitario": 554.82,
        "quantidade": 3,
        "descricaoProduto": "Smartphone 5G"
    },
    {
        "pedido": 1350,
        "data": "2024-12-21",
        "cliente": "Cliente 149",
        "uf": "PI",
        "codigoproduto": 43138,
        "unidadeMedida": "MT",
        "precoUnitario": 2648.15,
        "quantidade": 11,
        "descricaoProduto": "Tablet Android"
    },
    {
        "pedido": 7885,
        "data": "2024-11-12",
        "cliente": "Cliente 99",
        "uf": "ES",
        "codigoproduto": 82393,
        "unidadeMedida": "LT",
        "precoUnitario": 2176.19,
        "quantidade": 1,
        "descricaoProduto": "Mouse sem fio"
    },
    {
        "pedido": 1986,
        "data": "2024-11-04",
        "cliente": "Cliente 174",
        "uf": "MT",
        "codigoproduto": 78841,
        "unidadeMedida": "UN",
        "precoUnitario": 4786.12,
        "quantidade": 37,
        "descricaoProduto": "Pendrive 64GB"
    },
    {
        "pedido": 8316,
        "data": "2024-12-20",
        "cliente": "Cliente 111",
        "uf": "TO",
        "codigoproduto": 79087,
        "unidadeMedida": "MT",
        "precoUnitario": 2404.65,
        "quantidade": 27,
        "descricaoProduto": "Impressora Multifuncional"
    },
    {
        "pedido": 4440,
        "data": "2024-10-27",
        "cliente": "Cliente 183",
        "uf": "AL",
        "codigoproduto": 60318,
        "unidadeMedida": "MT",
        "precoUnitario": 4401.9,
        "quantidade": 8,
        "descricaoProduto": "Câmera de Segurança"
    },
    {
        "pedido": 5125,
        "data": "2024-06-25",
        "cliente": "Cliente 165",
        "uf": "RS",
        "codigoproduto": 79491,
        "unidadeMedida": "KG",
        "precoUnitario": 2075.61,
        "quantidade": 18,
        "descricaoProduto": "Controle para PC"
    },
    {
        "pedido": 7267,
        "data": "2024-07-30",
        "cliente": "Cliente 52",
        "uf": "MA",
        "codigoproduto": 48426,
        "unidadeMedida": "LT",
        "precoUnitario": 4877.91,
        "quantidade": 45,
        "descricaoProduto": "Pendrive 64GB"
    },
    {
        "pedido": 9868,
        "data": "2024-09-21",
        "cliente": "Cliente 191",
        "uf": "PI",
        "codigoproduto": 35592,
        "unidadeMedida": "LT",
        "precoUnitario": 3767.85,
        "quantidade": 38,
        "descricaoProduto": "Cadeira Gamer"
    },
    {
        "pedido": 9200,
        "data": "2024-08-04",
        "cliente": "Cliente 76",
        "uf": "PA",
        "codigoproduto": 49401,
        "unidadeMedida": "KG",
        "precoUnitario": 2649.2,
        "quantidade": 20,
        "descricaoProduto": "Roteador Wi-Fi 6"
    },
    {
        "pedido": 8448,
        "data": "2024-04-05",
        "cliente": "Cliente 38",
        "uf": "SE",
        "codigoproduto": 54721,
        "unidadeMedida": "MT",
        "precoUnitario": 4369.91,
        "quantidade": 23,
        "descricaoProduto": "Impressora Multifuncional"
    },
    {
        "pedido": 7726,
        "data": "2025-01-30",
        "cliente": "Cliente 132",
        "uf": "ES",
        "codigoproduto": 92150,
        "unidadeMedida": "KG",
        "precoUnitario": 751.73,
        "quantidade": 15,
        "descricaoProduto": "Pendrive 64GB"
    },
    {
        "pedido": 6108,
        "data": "2024-07-29",
        "cliente": "Cliente 39",
        "uf": "DF",
        "codigoproduto": 96832,
        "unidadeMedida": "UN",
        "precoUnitario": 2798.31,
        "quantidade": 31,
        "descricaoProduto": "Smartphone 5G"
    },
    {
        "pedido": 6480,
        "data": "2024-06-22",
        "cliente": "Cliente 75",
        "uf": "MS",
        "codigoproduto": 87067,
        "unidadeMedida": "KG",
        "precoUnitario": 674.76,
        "quantidade": 13,
        "descricaoProduto": "Headset Bluetooth"
    },
    {
        "pedido": 2209,
        "data": "2024-10-30",
        "cliente": "Cliente 124",
        "uf": "RO",
        "codigoproduto": 11458,
        "unidadeMedida": "UN",
        "precoUnitario": 3728.52,
        "quantidade": 16,
        "descricaoProduto": "Mouse sem fio"
    },
    {
        "pedido": 2868,
        "data": "2025-02-25",
        "cliente": "Cliente 15",
        "uf": "RN",
        "codigoproduto": 91614,
        "unidadeMedida": "LT",
        "precoUnitario": 4658.38,
        "quantidade": 18,
        "descricaoProduto": "Mouse sem fio"
    },
    {
        "pedido": 1894,
        "data": "2024-08-27",
        "cliente": "Cliente 125",
        "uf": "MG",
        "codigoproduto": 69172,
        "unidadeMedida": "UN",
        "precoUnitario": 1301.63,
        "quantidade": 12,
        "descricaoProduto": "Cadeira Gamer"
    },
    {
        "pedido": 6542,
        "data": "2025-01-25",
        "cliente": "Cliente 92",
        "uf": "AC",
        "codigoproduto": 22303,
        "unidadeMedida": "UN",
        "precoUnitario": 3153.85,
        "quantidade": 39,
        "descricaoProduto": "Headset Bluetooth"
    },
    {
        "pedido": 5632,
        "data": "2025-01-07",
        "cliente": "Cliente 41",
        "uf": "PE",
        "codigoproduto": 80943,
        "unidadeMedida": "LT",
        "precoUnitario": 458.41,
        "quantidade": 18,
        "descricaoProduto": "Tablet Android"
    },
    {
        "pedido": 3772,
        "data": "2024-05-18",
        "cliente": "Cliente 36",
        "uf": "RJ",
        "codigoproduto": 11003,
        "unidadeMedida": "UN",
        "precoUnitario": 802.55,
        "quantidade": 34,
        "descricaoProduto": "Roteador Wi-Fi 6"
    },
    {
        "pedido": 7595,
        "data": "2024-06-17",
        "cliente": "Cliente 74",
        "uf": "ES",
        "codigoproduto": 30849,
        "unidadeMedida": "MT",
        "precoUnitario": 399.93,
        "quantidade": 12,
        "descricaoProduto": "Controle para PC"
    },
    {
        "pedido": 2449,
        "data": "2025-02-03",
        "cliente": "Cliente 52",
        "uf": "CE",
        "codigoproduto": 27087,
        "unidadeMedida": "KG",
        "precoUnitario": 475.59,
        "quantidade": 13,
        "descricaoProduto": "Smartphone 5G"
    },
    {
        "pedido": 8382,
        "data": "2024-11-25",
        "cliente": "Cliente 28",
        "uf": "SE",
        "codigoproduto": 20783,
        "unidadeMedida": "MT",
        "precoUnitario": 3945.79,
        "quantidade": 4,
        "descricaoProduto": "Controle para PC"
    },
    {
        "pedido": 2217,
        "data": "2024-05-16",
        "cliente": "Cliente 168",
        "uf": "DF",
        "codigoproduto": 21777,
        "unidadeMedida": "KG",
        "precoUnitario": 1359.31,
        "quantidade": 50,
        "descricaoProduto": "Controle para PC"
    },
    {
        "pedido": 5155,
        "data": "2024-08-06",
        "cliente": "Cliente 67",
        "uf": "RS",
        "codigoproduto": 93607,
        "unidadeMedida": "UN",
        "precoUnitario": 2980.59,
        "quantidade": 18,
        "descricaoProduto": "Roteador Wi-Fi 6"
    },
    {
        "pedido": 6574,
        "data": "2025-03-01",
        "cliente": "Cliente 39",
        "uf": "MG",
        "codigoproduto": 99908,
        "unidadeMedida": "LT",
        "precoUnitario": 3683.75,
        "quantidade": 46,
        "descricaoProduto": "Notebook Gamer"
    },
    {
        "pedido": 1961,
        "data": "2024-07-16",
        "cliente": "Cliente 119",
        "uf": "SE",
        "codigoproduto": 11264,
        "unidadeMedida": "KG",
        "precoUnitario": 3661.25,
        "quantidade": 39,
        "descricaoProduto": "Smartphone 5G"
    },
    {
        "pedido": 8609,
        "data": "2024-10-23",
        "cliente": "Cliente 175",
        "uf": "RJ",
        "codigoproduto": 64301,
        "unidadeMedida": "KG",
        "precoUnitario": 1430.89,
        "quantidade": 50,
        "descricaoProduto": "Notebook Gamer"
    },
    {
        "pedido": 3281,
        "data": "2025-01-04",
        "cliente": "Cliente 116",
        "uf": "PR",
        "codigoproduto": 33461,
        "unidadeMedida": "LT",
        "precoUnitario": 1310.0,
        "quantidade": 29,
        "descricaoProduto": "Microfone USB"
    },
    {
        "pedido": 8498,
        "data": "2024-12-24",
        "cliente": "Cliente 144",
        "uf": "RN",
        "codigoproduto": 84569,
        "unidadeMedida": "UN",
        "precoUnitario": 3512.26,
        "quantidade": 34,
        "descricaoProduto": "Impressora Multifuncional"
    },
    {
        "pedido": 6541,
        "data": "2024-08-28",
        "cliente": "Cliente 58",
        "uf": "RJ",
        "codigoproduto": 75702,
        "unidadeMedida": "MT",
        "precoUnitario": 735.88,
        "quantidade": 49,
        "descricaoProduto": "Tablet Android"
    },
    {
        "pedido": 5707,
        "data": "2024-05-31",
        "cliente": "Cliente 133",
        "uf": "BA",
        "codigoproduto": 18214,
        "unidadeMedida": "KG",
        "precoUnitario": 3461.66,
        "quantidade": 4,
        "descricaoProduto": "Monitor Full HD"
    },
    {
        "pedido": 8051,
        "data": "2024-06-11",
        "cliente": "Cliente 86",
        "uf": "PI",
        "codigoproduto": 63086,
        "unidadeMedida": "MT",
        "precoUnitario": 3085.49,
        "quantidade": 39,
        "descricaoProduto": "Monitor Full HD"
    },
    {
        "pedido": 6167,
        "data": "2024-05-04",
        "cliente": "Cliente 3",
        "uf": "AC",
        "codigoproduto": 12154,
        "unidadeMedida": "MT",
        "precoUnitario": 1233.36,
        "quantidade": 38,
        "descricaoProduto": "Monitor Full HD"
    },
    {
        "pedido": 2240,
        "data": "2024-07-04",
        "cliente": "Cliente 80",
        "uf": "SP",
        "codigoproduto": 81739,
        "unidadeMedida": "UN",
        "precoUnitario": 4149.76,
        "quantidade": 9,
        "descricaoProduto": "Mouse sem fio"
    },
    {
        "pedido": 6369,
        "data": "2024-09-29",
        "cliente": "Cliente 73",
        "uf": "GO",
        "codigoproduto": 22459,
        "unidadeMedida": "KG",
        "precoUnitario": 2769.22,
        "quantidade": 37,
        "descricaoProduto": "Tablet Android"
    },
    {
        "pedido": 1547,
        "data": "2025-01-29",
        "cliente": "Cliente 82",
        "uf": "ES",
        "codigoproduto": 61651,
        "unidadeMedida": "MT",
        "precoUnitario": 1236.15,
        "quantidade": 8,
        "descricaoProduto": "Roteador Wi-Fi 6"
    },
    {
        "pedido": 1162,
        "data": "2024-06-11",
        "cliente": "Cliente 39",
        "uf": "MT",
        "codigoproduto": 69247,
        "unidadeMedida": "LT",
        "precoUnitario": 2128.82,
        "quantidade": 15,
        "descricaoProduto": "Microfone USB"
    },
    {
        "pedido": 2143,
        "data": "2024-04-11",
        "cliente": "Cliente 161",
        "uf": "RN",
        "codigoproduto": 79561,
        "unidadeMedida": "UN",
        "precoUnitario": 2087.68,
        "quantidade": 34,
        "descricaoProduto": "Controle para PC"
    },
    {
        "pedido": 9098,
        "data": "2024-05-08",
        "cliente": "Cliente 83",
        "uf": "PA",
        "codigoproduto": 13038,
        "unidadeMedida": "KG",
        "precoUnitario": 4389.07,
        "quantidade": 18,
        "descricaoProduto": "Tablet Android"
    },
    {
        "pedido": 5453,
        "data": "2024-08-20",
        "cliente": "Cliente 58",
        "uf": "ES",
        "codigoproduto": 24840,
        "unidadeMedida": "KG",
        "precoUnitario": 1519.63,
        "quantidade": 39,
        "descricaoProduto": "Notebook Gamer"
    },
    {
        "pedido": 5859,
        "data": "2024-11-17",
        "cliente": "Cliente 193",
        "uf": "PB",
        "codigoproduto": 16357,
        "unidadeMedida": "UN",
        "precoUnitario": 1310.52,
        "quantidade": 6,
        "descricaoProduto": "Câmera de Segurança"
    },
    {
        "pedido": 2832,
        "data": "2024-09-18",
        "cliente": "Cliente 72",
        "uf": "RR",
        "codigoproduto": 63950,
        "unidadeMedida": "UN",
        "precoUnitario": 600.5,
        "quantidade": 39,
        "descricaoProduto": "Impressora Multifuncional"
    },
    {
        "pedido": 4592,
        "data": "2025-03-03",
        "cliente": "Cliente 181",
        "uf": "PB",
        "codigoproduto": 13135,
        "unidadeMedida": "KG",
        "precoUnitario": 1940.81,
        "quantidade": 13,
        "descricaoProduto": "Notebook Gamer"
    },
    {
        "pedido": 1904,
        "data": "2024-07-07",
        "cliente": "Cliente 71",
        "uf": "PA",
        "codigoproduto": 50687,
        "unidadeMedida": "LT",
        "precoUnitario": 3674.3,
        "quantidade": 22,
        "descricaoProduto": "Smartphone 5G"
    },
    {
        "pedido": 5844,
        "data": "2024-05-18",
        "cliente": "Cliente 113",
        "uf": "MT",
        "codigoproduto": 46405,
        "unidadeMedida": "KG",
        "precoUnitario": 340.81,
        "quantidade": 1,
        "descricaoProduto": "HD Externo 1TB"
    },
    {
        "pedido": 3676,
        "data": "2024-12-15",
        "cliente": "Cliente 191",
        "uf": "RJ",
        "codigoproduto": 11874,
        "unidadeMedida": "UN",
        "precoUnitario": 3119.78,
        "quantidade": 27,
        "descricaoProduto": "Pendrive 64GB"
    },
    {
        "pedido": 9963,
        "data": "2024-12-15",
        "cliente": "Cliente 96",
        "uf": "PE",
        "codigoproduto": 23810,
        "unidadeMedida": "UN",
        "precoUnitario": 4520.54,
        "quantidade": 42,
        "descricaoProduto": "Cadeira Gamer"
    },
    {
        "pedido": 9336,
        "data": "2025-03-26",
        "cliente": "Cliente 83",
        "uf": "AC",
        "codigoproduto": 38603,
        "unidadeMedida": "LT",
        "precoUnitario": 4555.44,
        "quantidade": 33,
        "descricaoProduto": "Mouse sem fio"
    },
    {
        "pedido": 7090,
        "data": "2024-12-11",
        "cliente": "Cliente 104",
        "uf": "PR",
        "codigoproduto": 98451,
        "unidadeMedida": "LT",
        "precoUnitario": 4206.81,
        "quantidade": 35,
        "descricaoProduto": "Notebook Gamer"
    },
    {
        "pedido": 3574,
        "data": "2024-11-12",
        "cliente": "Cliente 38",
        "uf": "ES",
        "codigoproduto": 18949,
        "unidadeMedida": "MT",
        "precoUnitario": 1893.93,
        "quantidade": 1,
        "descricaoProduto": "Câmera de Segurança"
    },
    {
        "pedido": 2357,
        "data": "2025-03-10",
        "cliente": "Cliente 34",
        "uf": "SC",
        "codigoproduto": 17307,
        "unidadeMedida": "LT",
        "precoUnitario": 2885.67,
        "quantidade": 29,
        "descricaoProduto": "Mouse sem fio"
    },
    {
        "pedido": 3088,
        "data": "2025-01-24",
        "cliente": "Cliente 139",
        "uf": "GO",
        "codigoproduto": 98223,
        "unidadeMedida": "MT",
        "precoUnitario": 397.37,
        "quantidade": 45,
        "descricaoProduto": "Câmera de Segurança"
    },
    {
        "pedido": 1540,
        "data": "2025-01-22",
        "cliente": "Cliente 138",
        "uf": "RS",
        "codigoproduto": 20144,
        "unidadeMedida": "LT",
        "precoUnitario": 1142.02,
        "quantidade": 48,
        "descricaoProduto": "Microfone USB"
    },
    {
        "pedido": 2810,
        "data": "2025-03-02",
        "cliente": "Cliente 102",
        "uf": "AL",
        "codigoproduto": 47730,
        "unidadeMedida": "UN",
        "precoUnitario": 1385.06,
        "quantidade": 21,
        "descricaoProduto": "Microfone USB"
    },
    {
        "pedido": 4070,
        "data": "2024-06-27",
        "cliente": "Cliente 162",
        "uf": "RJ",
        "codigoproduto": 55188,
        "unidadeMedida": "UN",
        "precoUnitario": 1828.29,
        "quantidade": 17,
        "descricaoProduto": "Mouse sem fio"
    },
    {
        "pedido": 2888,
        "data": "2024-05-02",
        "cliente": "Cliente 149",
        "uf": "PI",
        "codigoproduto": 78908,
        "unidadeMedida": "UN",
        "precoUnitario": 4557.53,
        "quantidade": 3,
        "descricaoProduto": "Cadeira Gamer"
    },
    {
        "pedido": 2131,
        "data": "2024-11-19",
        "cliente": "Cliente 120",
        "uf": "BA",
        "codigoproduto": 60939,
        "unidadeMedida": "KG",
        "precoUnitario": 4480.61,
        "quantidade": 17,
        "descricaoProduto": "Controle para PC"
    },
    {
        "pedido": 1174,
        "data": "2024-09-13",
        "cliente": "Cliente 169",
        "uf": "DF",
        "codigoproduto": 52683,
        "unidadeMedida": "UN",
        "precoUnitario": 2561.88,
        "quantidade": 24,
        "descricaoProduto": "Smartphone 5G"
    },
    {
        "pedido": 4078,
        "data": "2024-07-02",
        "cliente": "Cliente 15",
        "uf": "AL",
        "codigoproduto": 37140,
        "unidadeMedida": "UN",
        "precoUnitario": 700.83,
        "quantidade": 49,
        "descricaoProduto": "Microfone USB"
    },
    {
        "pedido": 9739,
        "data": "2025-02-21",
        "cliente": "Cliente 159",
        "uf": "RS",
        "codigoproduto": 19191,
        "unidadeMedida": "KG",
        "precoUnitario": 828.84,
        "quantidade": 27,
        "descricaoProduto": "Microfone USB"
    },
    {
        "pedido": 7693,
        "data": "2024-12-09",
        "cliente": "Cliente 175",
        "uf": "PR",
        "codigoproduto": 41088,
        "unidadeMedida": "MT",
        "precoUnitario": 102.42,
        "quantidade": 18,
        "descricaoProduto": "Smartphone 5G"
    },
    {
        "pedido": 2314,
        "data": "2025-01-05",
        "cliente": "Cliente 118",
        "uf": "MG",
        "codigoproduto": 43921,
        "unidadeMedida": "MT",
        "precoUnitario": 207.12,
        "quantidade": 26,
        "descricaoProduto": "Impressora Multifuncional"
    },
    {
        "pedido": 4287,
        "data": "2025-01-05",
        "cliente": "Cliente 35",
        "uf": "PA",
        "codigoproduto": 71019,
        "unidadeMedida": "UN",
        "precoUnitario": 1224.59,
        "quantidade": 35,
        "descricaoProduto": "Headset Bluetooth"
    },
    {
        "pedido": 2463,
        "data": "2024-04-22",
        "cliente": "Cliente 155",
        "uf": "AC",
        "codigoproduto": 66523,
        "unidadeMedida": "UN",
        "precoUnitario": 4662.8,
        "quantidade": 49,
        "descricaoProduto": "Teclado Mecânico"
    },
    {
        "pedido": 2495,
        "data": "2024-06-16",
        "cliente": "Cliente 147",
        "uf": "RR",
        "codigoproduto": 74264,
        "unidadeMedida": "KG",
        "precoUnitario": 4965.45,
        "quantidade": 18,
        "descricaoProduto": "Headset Bluetooth"
    },
    {
        "pedido": 3322,
        "data": "2024-06-06",
        "cliente": "Cliente 102",
        "uf": "SP",
        "codigoproduto": 76861,
        "unidadeMedida": "MT",
        "precoUnitario": 2425.2,
        "quantidade": 6,
        "descricaoProduto": "HD Externo 1TB"
    },
    {
        "pedido": 2014,
        "data": "2025-03-23",
        "cliente": "Cliente 142",
        "uf": "SE",
        "codigoproduto": 54502,
        "unidadeMedida": "MT",
        "precoUnitario": 4342.76,
        "quantidade": 46,
        "descricaoProduto": "Pendrive 64GB"
    },
    {
        "pedido": 9260,
        "data": "2025-01-09",
        "cliente": "Cliente 81",
        "uf": "RO",
        "codigoproduto": 35324,
        "unidadeMedida": "KG",
        "precoUnitario": 4442.03,
        "quantidade": 50,
        "descricaoProduto": "Teclado Mecânico"
    },
    {
        "pedido": 8726,
        "data": "2024-06-25",
        "cliente": "Cliente 188",
        "uf": "PR",
        "codigoproduto": 13864,
        "unidadeMedida": "KG",
        "precoUnitario": 3787.52,
        "quantidade": 11,
        "descricaoProduto": "Câmera de Segurança"
    },
    {
        "pedido": 2122,
        "data": "2024-06-19",
        "cliente": "Cliente 85",
        "uf": "DF",
        "codigoproduto": 15699,
        "unidadeMedida": "UN",
        "precoUnitario": 4576.05,
        "quantidade": 8,
        "descricaoProduto": "Pendrive 64GB"
    },
    {
        "pedido": 5314,
        "data": "2025-01-08",
        "cliente": "Cliente 46",
        "uf": "ES",
        "codigoproduto": 42070,
        "unidadeMedida": "UN",
        "precoUnitario": 880.54,
        "quantidade": 36,
        "descricaoProduto": "Câmera de Segurança"
    },
    {
        "pedido": 2159,
        "data": "2024-12-18",
        "cliente": "Cliente 96",
        "uf": "TO",
        "codigoproduto": 28230,
        "unidadeMedida": "LT",
        "precoUnitario": 4820.81,
        "quantidade": 19,
        "descricaoProduto": "Cadeira Gamer"
    },
    {
        "pedido": 9972,
        "data": "2024-11-19",
        "cliente": "Cliente 76",
        "uf": "SE",
        "codigoproduto": 90302,
        "unidadeMedida": "KG",
        "precoUnitario": 3547.0,
        "quantidade": 5,
        "descricaoProduto": "Pendrive 64GB"
    },
    {
        "pedido": 4318,
        "data": "2025-03-29",
        "cliente": "Cliente 59",
        "uf": "SE",
        "codigoproduto": 49898,
        "unidadeMedida": "LT",
        "precoUnitario": 3584.82,
        "quantidade": 35,
        "descricaoProduto": "Cadeira Gamer"
    },
    {
        "pedido": 3749,
        "data": "2025-03-13",
        "cliente": "Cliente 197",
        "uf": "AL",
        "codigoproduto": 96886,
        "unidadeMedida": "UN",
        "precoUnitario": 1028.32,
        "quantidade": 33,
        "descricaoProduto": "Headset Bluetooth"
    },
    {
        "pedido": 2130,
        "data": "2024-05-17",
        "cliente": "Cliente 168",
        "uf": "SE",
        "codigoproduto": 67251,
        "unidadeMedida": "LT",
        "precoUnitario": 1574.25,
        "quantidade": 2,
        "descricaoProduto": "Notebook Gamer"
    },
    {
        "pedido": 2692,
        "data": "2024-06-14",
        "cliente": "Cliente 23",
        "uf": "PE",
        "codigoproduto": 88532,
        "unidadeMedida": "LT",
        "precoUnitario": 2321.64,
        "quantidade": 14,
        "descricaoProduto": "Câmera de Segurança"
    },
    {
        "pedido": 1417,
        "data": "2024-08-12",
        "cliente": "Cliente 130",
        "uf": "CE",
        "codigoproduto": 65641,
        "unidadeMedida": "LT",
        "precoUnitario": 1759.04,
        "quantidade": 40,
        "descricaoProduto": "Controle para PC"
    },
    {
        "pedido": 6246,
        "data": "2024-11-18",
        "cliente": "Cliente 86",
        "uf": "MS",
        "codigoproduto": 14071,
        "unidadeMedida": "UN",
        "precoUnitario": 1628.9,
        "quantidade": 34,
        "descricaoProduto": "HD Externo 1TB"
    },
    {
        "pedido": 7828,
        "data": "2024-05-30",
        "cliente": "Cliente 129",
        "uf": "SP",
        "codigoproduto": 62096,
        "unidadeMedida": "MT",
        "precoUnitario": 4090.84,
        "quantidade": 17,
        "descricaoProduto": "Controle para PC"
    },
    {
        "pedido": 5026,
        "data": "2024-12-19",
        "cliente": "Cliente 12",
        "uf": "MS",
        "codigoproduto": 95593,
        "unidadeMedida": "LT",
        "precoUnitario": 4242.12,
        "quantidade": 26,
        "descricaoProduto": "Tablet Android"
    },
    {
        "pedido": 3938,
        "data": "2024-06-02",
        "cliente": "Cliente 134",
        "uf": "SE",
        "codigoproduto": 39254,
        "unidadeMedida": "MT",
        "precoUnitario": 569.58,
        "quantidade": 30,
        "descricaoProduto": "Smartphone 5G"
    },
    {
        "pedido": 9717,
        "data": "2024-11-25",
        "cliente": "Cliente 116",
        "uf": "SE",
        "codigoproduto": 64846,
        "unidadeMedida": "MT",
        "precoUnitario": 4399.95,
        "quantidade": 41,
        "descricaoProduto": "Tablet Android"
    },
    {
        "pedido": 1513,
        "data": "2024-08-11",
        "cliente": "Cliente 19",
        "uf": "PR",
        "codigoproduto": 86132,
        "unidadeMedida": "LT",
        "precoUnitario": 4447.86,
        "quantidade": 43,
        "descricaoProduto": "HD Externo 1TB"
    },
    {
        "pedido": 2391,
        "data": "2024-04-08",
        "cliente": "Cliente 66",
        "uf": "RN",
        "codigoproduto": 13721,
        "unidadeMedida": "MT",
        "precoUnitario": 2148.52,
        "quantidade": 11,
        "descricaoProduto": "Notebook Gamer"
    },
    {
        "pedido": 3521,
        "data": "2025-02-12",
        "cliente": "Cliente 42",
        "uf": "MA",
        "codigoproduto": 93281,
        "unidadeMedida": "KG",
        "precoUnitario": 1224.99,
        "quantidade": 35,
        "descricaoProduto": "Monitor Full HD"
    },
    {
        "pedido": 5956,
        "data": "2024-07-18",
        "cliente": "Cliente 70",
        "uf": "SP",
        "codigoproduto": 41767,
        "unidadeMedida": "LT",
        "precoUnitario": 2642.55,
        "quantidade": 33,
        "descricaoProduto": "Teclado Mecânico"
    },
    {
        "pedido": 4138,
        "data": "2024-09-20",
        "cliente": "Cliente 168",
        "uf": "SC",
        "codigoproduto": 29638,
        "unidadeMedida": "LT",
        "precoUnitario": 2644.58,
        "quantidade": 17,
        "descricaoProduto": "Smartphone 5G"
    },
    {
        "pedido": 2528,
        "data": "2024-12-29",
        "cliente": "Cliente 3",
        "uf": "BA",
        "codigoproduto": 71141,
        "unidadeMedida": "UN",
        "precoUnitario": 253.42,
        "quantidade": 29,
        "descricaoProduto": "Cadeira Gamer"
    },
    {
        "pedido": 7929,
        "data": "2024-07-20",
        "cliente": "Cliente 30",
        "uf": "MG",
        "codigoproduto": 67461,
        "unidadeMedida": "LT",
        "precoUnitario": 2393.33,
        "quantidade": 2,
        "descricaoProduto": "Impressora Multifuncional"
    },
    {
        "pedido": 4606,
        "data": "2025-03-24",
        "cliente": "Cliente 35",
        "uf": "AM",
        "codigoproduto": 74134,
        "unidadeMedida": "UN",
        "precoUnitario": 125.41,
        "quantidade": 41,
        "descricaoProduto": "Pendrive 64GB"
    },
    {
        "pedido": 6454,
        "data": "2024-10-26",
        "cliente": "Cliente 128",
        "uf": "RN",
        "codigoproduto": 66343,
        "unidadeMedida": "LT",
        "precoUnitario": 2106.47,
        "quantidade": 10,
        "descricaoProduto": "Mouse sem fio"
    },
    {
        "pedido": 3230,
        "data": "2024-08-23",
        "cliente": "Cliente 63",
        "uf": "SC",
        "codigoproduto": 98799,
        "unidadeMedida": "UN",
        "precoUnitario": 4680.29,
        "quantidade": 10,
        "descricaoProduto": "Pendrive 64GB"
    },
    {
        "pedido": 7231,
        "data": "2024-08-16",
        "cliente": "Cliente 97",
        "uf": "GO",
        "codigoproduto": 22947,
        "unidadeMedida": "MT",
        "precoUnitario": 1061.35,
        "quantidade": 19,
        "descricaoProduto": "Headset Bluetooth"
    },
    {
        "pedido": 3416,
        "data": "2024-11-25",
        "cliente": "Cliente 3",
        "uf": "RS",
        "codigoproduto": 68166,
        "unidadeMedida": "MT",
        "precoUnitario": 4079.7,
        "quantidade": 44,
        "descricaoProduto": "Microfone USB"
    },
    {
        "pedido": 2497,
        "data": "2024-05-14",
        "cliente": "Cliente 120",
        "uf": "AP",
        "codigoproduto": 90401,
        "unidadeMedida": "UN",
        "precoUnitario": 1589.78,
        "quantidade": 23,
        "descricaoProduto": "Cadeira Gamer"
    },
    {
        "pedido": 9866,
        "data": "2024-09-08",
        "cliente": "Cliente 129",
        "uf": "RJ",
        "codigoproduto": 52134,
        "unidadeMedida": "LT",
        "precoUnitario": 2909.64,
        "quantidade": 24,
        "descricaoProduto": "Câmera de Segurança"
    },
    {
        "pedido": 8339,
        "data": "2025-02-07",
        "cliente": "Cliente 22",
        "uf": "PR",
        "codigoproduto": 37841,
        "unidadeMedida": "KG",
        "precoUnitario": 4380.2,
        "quantidade": 30,
        "descricaoProduto": "Smartphone 5G"
    },
    {
        "pedido": 9405,
        "data": "2025-02-08",
        "cliente": "Cliente 7",
        "uf": "MS",
        "codigoproduto": 95898,
        "unidadeMedida": "MT",
        "precoUnitario": 3874.33,
        "quantidade": 21,
        "descricaoProduto": "Smartphone 5G"
    },
    {
        "pedido": 3634,
        "data": "2024-05-09",
        "cliente": "Cliente 169",
        "uf": "MA",
        "codigoproduto": 89458,
        "unidadeMedida": "UN",
        "precoUnitario": 3908.35,
        "quantidade": 43,
        "descricaoProduto": "Cadeira Gamer"
    },
    {
        "pedido": 1800,
        "data": "2024-08-20",
        "cliente": "Cliente 102",
        "uf": "PB",
        "codigoproduto": 17786,
        "unidadeMedida": "LT",
        "precoUnitario": 655.54,
        "quantidade": 19,
        "descricaoProduto": "Teclado Mecânico"
    },
    {
        "pedido": 1290,
        "data": "2024-10-21",
        "cliente": "Cliente 94",
        "uf": "AL",
        "codigoproduto": 59819,
        "unidadeMedida": "KG",
        "precoUnitario": 1295.51,
        "quantidade": 4,
        "descricaoProduto": "Tablet Android"
    },
    {
        "pedido": 1982,
        "data": "2024-12-17",
        "cliente": "Cliente 46",
        "uf": "RO",
        "codigoproduto": 63120,
        "unidadeMedida": "UN",
        "precoUnitario": 1643.15,
        "quantidade": 45,
        "descricaoProduto": "Impressora Multifuncional"
    },
    {
        "pedido": 6614,
        "data": "2025-03-22",
        "cliente": "Cliente 62",
        "uf": "SC",
        "codigoproduto": 81934,
        "unidadeMedida": "KG",
        "precoUnitario": 4946.61,
        "quantidade": 47,
        "descricaoProduto": "Headset Bluetooth"
    },
    {
        "pedido": 8667,
        "data": "2024-10-06",
        "cliente": "Cliente 142",
        "uf": "GO",
        "codigoproduto": 15564,
        "unidadeMedida": "KG",
        "precoUnitario": 3470.29,
        "quantidade": 12,
        "descricaoProduto": "Microfone USB"
    },
    {
        "pedido": 2682,
        "data": "2024-09-17",
        "cliente": "Cliente 152",
        "uf": "SE",
        "codigoproduto": 67109,
        "unidadeMedida": "LT",
        "precoUnitario": 2508.74,
        "quantidade": 19,
        "descricaoProduto": "Roteador Wi-Fi 6"
    },
    {
        "pedido": 6948,
        "data": "2025-02-20",
        "cliente": "Cliente 39",
        "uf": "MA",
        "codigoproduto": 32578,
        "unidadeMedida": "LT",
        "precoUnitario": 2090.01,
        "quantidade": 36,
        "descricaoProduto": "Mouse sem fio"
    },
    {
        "pedido": 2281,
        "data": "2025-02-26",
        "cliente": "Cliente 61",
        "uf": "RJ",
        "codigoproduto": 91496,
        "unidadeMedida": "KG",
        "precoUnitario": 2808.26,
        "quantidade": 26,
        "descricaoProduto": "Mouse sem fio"
    },
    {
        "pedido": 3599,
        "data": "2024-10-12",
        "cliente": "Cliente 141",
        "uf": "PA",
        "codigoproduto": 72313,
        "unidadeMedida": "LT",
        "precoUnitario": 4285.21,
        "quantidade": 49,
        "descricaoProduto": "Headset Bluetooth"
    },
    {
        "pedido": 3683,
        "data": "2024-09-13",
        "cliente": "Cliente 48",
        "uf": "ES",
        "codigoproduto": 17884,
        "unidadeMedida": "KG",
        "precoUnitario": 1528.76,
        "quantidade": 19,
        "descricaoProduto": "Smartphone 5G"
    },
    {
        "pedido": 5540,
        "data": "2024-12-16",
        "cliente": "Cliente 20",
        "uf": "ES",
        "codigoproduto": 59975,
        "unidadeMedida": "LT",
        "precoUnitario": 1474.86,
        "quantidade": 23,
        "descricaoProduto": "Teclado Mecânico"
    },
    {
        "pedido": 5833,
        "data": "2024-09-08",
        "cliente": "Cliente 142",
        "uf": "AP",
        "codigoproduto": 80027,
        "unidadeMedida": "MT",
        "precoUnitario": 265.68,
        "quantidade": 44,
        "descricaoProduto": "Câmera de Segurança"
    },
    {
        "pedido": 7163,
        "data": "2024-06-15",
        "cliente": "Cliente 164",
        "uf": "RS",
        "codigoproduto": 87056,
        "unidadeMedida": "MT",
        "precoUnitario": 704.48,
        "quantidade": 38,
        "descricaoProduto": "Impressora Multifuncional"
    },
    {
        "pedido": 5599,
        "data": "2025-01-15",
        "cliente": "Cliente 182",
        "uf": "MT",
        "codigoproduto": 65667,
        "unidadeMedida": "MT",
        "precoUnitario": 2859.44,
        "quantidade": 8,
        "descricaoProduto": "Headset Bluetooth"
    },
    {
        "pedido": 3305,
        "data": "2024-05-20",
        "cliente": "Cliente 71",
        "uf": "RS",
        "codigoproduto": 26709,
        "unidadeMedida": "LT",
        "precoUnitario": 1870.92,
        "quantidade": 48,
        "descricaoProduto": "Notebook Gamer"
    }
]